<?xml version='1.0' encoding='utf-8'?>
<!DOCTYPE hibernate-configuration PUBLIC
        "-//Hibernate/Hibernate Configuration DTD 3.0//EN"
        "http://hibernate.sourceforge.net/hibernate-configuration-3.0.dtd">

<hibernate-configuration>

	<session-factory>
		<property name="connection.driver_class">
			com.mysql.jdbc.Driver </property>
		<property name="connection.url">
			jdbc:mysql://localhost:3306/contact_manager_db </property>
		<property name="connection.username">root</property>
		<property name="connection.password">Welcome123</property>
		<property name="connection.pool_size">1</property>
		<property name="dialect">
			org.hibernate.dialect.MySQLDialect </property>
		<property name="show_sql">true</property>
		<property name="hbm2ddl.auto">update</property>
		
		<property name="hibernate.current_session_context_class">org.hibernate.context.ThreadLocalSessionContext</property>
		
		<mapping class="com.mindtree.entity.Contact" />

	</session-factory>

</hibernate-configuration>