<?xml version="1.0" encoding="UTF-8" ?>
<!DOCTYPE struts PUBLIC
    "-//Apache Software Foundation//DTD Struts Configuration 2.0//EN"
    "http://struts.apache.org/dtds/struts-2.0.dtd">

<struts>
	<constant name="struts.enable.DynamicMethodInvocation" value="false" />
	<constant name="struts.devMode" value="false" />

	<package name="default" extends="struts-default">
		<action name="add" class="com.mindtree.action.ContactAction"
			method="add">
			<result name="success">index.jsp</result>
			
		</action>

		

	</package>




</struts>